Step,N_Features,Added_Feature,Brier_Score,Log_Loss,ROC_AUC,PR_AUC,Composite_Score,Selected
0,32,Baseline,0.01057007280314732,0.046615465478053536,0.9497309778924957,0.6408515985140828,0.0,N/A
1,33,ny_omspanst,0.010491338592652536,0.04620188248917652,0.9512503276397479,0.6456944724435459,0.0068483588944266835,Yes
