Configuration,Num_Temporal,Mean_AUC,Std_AUC,SE_AUC,Improvement_vs_Baseline,Significant
All 34 temporal,34,0.9625375532178488,0.0006329003785728694,0.00028304165389485747,0.001736173392975382,Yes
Pair: ny_nettomarg + ny_skuldgrd,2,0.9620284140119464,0.0009619625191419139,0.00043020271692165244,0.0012270341870729284,Yes
Pair: revenue_drawdown + ny_nettomarg,2,0.9614874341329113,0.0007242293270297931,0.00032388520130750863,0.000686054308037809,Yes
Only: revenue_drawdown_5y,1,0.9614866934388523,0.0004652431494072312,0.000208063061628132,0.000685313613978833,Yes
Pair: revenue_drawdown + ny_skuldgrd,2,0.9614212672079614,0.001145269549878219,0.0005121801132176567,0.0006198873830879359,No
All 3 features,3,0.961188033787481,0.0007365238384246199,0.0003293834739533043,0.0003866539626075083,No
Only: ny_nettomarg_avg_2y,1,0.9609102367731982,0.0006532315569295173,0.00029213403326848486,0.00010885694832474258,No
Only: ny_skuldgrd_vol_5y,1,0.9608786425369551,0.0013225356344149374,0.000591455916243522,7.726271208163826e-05,No
Baseline (no temporal),0,0.9608013798248735,0.0012519520705560616,0.0005598899868669933,0.0,No
