,pre_crisis,financial_crisis,sovereign_debt,recovery,covid,post_covid,mean,std,cv
Scale_Industry,0.49818609777239314,0.6181303061861483,0.6105925728935925,0.6524936647698618,0.6901710127970412,0.6634056559545431,0.6221632183955966,0.06747800439944478,0.10845707750685371
Behavioral,0.3993648155708787,0.5558057119456136,0.5222597153097871,0.5596253364477876,0.5550351133612543,0.4853755682845528,0.5129110434866456,0.06250593723035634,0.12186506417459068
Liquidity,0.32377047794008845,0.4434102086480869,0.43957307383048205,0.4683996564160992,0.5251065790740551,0.514872209987145,0.4525220343159928,0.07243731585500361,0.16007467120246607
Leverage,0.37177590806820193,0.31580470765511537,0.34280796119891754,0.3340584343057627,0.3121319844756135,0.35020649954468996,0.3377975825413835,0.022315924450749994,0.06606300815671491
Profitability,0.3054400701038248,0.2903895737577681,0.29264810293952126,0.2968434122129518,0.3075183348662392,0.3698136118345921,0.3104421842858162,0.029873732852576194,0.09622961815354387
Growth_Momentum,0.12227468956343834,0.21021232268666562,0.21953938509424212,0.2687035368426497,0.3416786819525676,0.3253432986758361,0.2479586524692333,0.08152432314890494,0.32878192528095174
Working_Capital,0.12891397420419745,0.15983404448006364,0.1370712579104368,0.14243155396917428,0.13048289944557884,0.15832885520524467,0.14284376420244926,0.013481687137576847,0.0943806487658051
Macro,0.0,0.1702529684232763,0.13994482939970632,0.02748206760423193,0.06660804432249363,0.06424463753949564,0.07808875788153397,0.06527292386375387,0.8358811900014775
