,pre_crisis,financial_crisis,sovereign_debt,recovery,covid,post_covid,mean,std,cv
Scale_Industry,0.548040695621059,0.5388676585515143,0.6343645872435721,0.6287148231069196,0.6751067231307142,0.5998224962729686,0.6041528306544579,0.052877166636157207,0.0875228318948323
Behavioral,0.4982597258302865,0.6904554554588185,0.6594069225267486,0.5915033507096313,0.5820208891172574,0.5327488822248329,0.5923992043112626,0.07298489844232871,0.12320222227033996
Liquidity,0.48643884173914126,0.4964262894609241,0.5786673956869306,0.5626410991461659,0.6710964771585954,0.6069897027464568,0.5670433009897025,0.06937019332693123,0.12233667729757908
Profitability,0.4637143592955597,0.464754300236695,0.5415849673131719,0.5093388104414455,0.5611488676592598,0.6182503927050402,0.526465282941862,0.05982524909063834,0.11363569646290407
Leverage,0.5037999574443295,0.45696332141189305,0.5161370503782823,0.43148415462802703,0.5097632702654036,0.45909968319390587,0.47954123955364025,0.0348660663956433,0.07270712822967391
Growth_Momentum,0.07065421708249388,0.08985400929953971,0.13160878759823816,0.15808898095724802,0.2134477108529093,0.1962083416832731,0.14331034124561703,0.056937290800945645,0.39730064352691646
Working_Capital,0.0914120537468757,0.08476360298886737,0.11184468714083666,0.09036676117424025,0.12879331655368323,0.12848903485853633,0.10594490941050659,0.019837464638418678,0.18724320733103
Macro,0.0,0.08053684979908919,0.11768612641779469,0.027290034092520274,0.09446274628551801,0.03706304256605347,0.059506466526829276,0.045014923517785625,0.756471122302146
