,pre_crisis,financial_crisis,sovereign_debt,recovery,covid,post_covid,mean,std,cv
Scale_Industry,0.49697879861633276,0.6195133487350869,0.6075847005476029,0.6492904075592564,0.6905637384838678,0.6706123352645558,0.6224238882011172,0.06877807604243794,0.1105003797993923
Behavioral,0.3976352137284542,0.5570191610410485,0.5233376408771993,0.5615580915929593,0.5542601217154144,0.486974016015654,0.513464040828455,0.06338759028591447,0.12345088505835962
Liquidity,0.3264245017299237,0.4414522501827543,0.43563177741697523,0.47058051232646203,0.5245935788282983,0.5093589670044965,0.4513402645814851,0.07078259986580741,0.15682757648808954
Leverage,0.3691196922682337,0.3165299870915807,0.34272693102299767,0.33854471059591906,0.31532684749481377,0.3520821202257951,0.3390550481165566,0.020773716485474727,0.061269450494461794
Profitability,0.3063213965849141,0.29200012233948947,0.28371562364058855,0.29080844924068117,0.31597198476868604,0.3677587057029685,0.30942938037955464,0.03087552696256906,0.09978214390855931
Growth_Momentum,0.1240678274949931,0.21093613378384618,0.21953757839523613,0.2675997528984341,0.3397041684915285,0.3259086465860091,0.24795901794167452,0.08050661460078722,0.32467709893787433
Working_Capital,0.12843188029073035,0.15879134209871712,0.1383160632093835,0.14317033280521702,0.13274273158176583,0.15814043249759796,0.14326546374723528,0.012787386753178287,0.08925658996043319
Macro,0.0,0.17083442973569005,0.1404835430545547,0.027803067643844638,0.06662822137166728,0.0644121325452261,0.07836023239183047,0.06548179197586634,0.8356508139030636
