,pre_crisis,financial_crisis,sovereign_debt,recovery,covid,post_covid,mean,std,cv
Behavioral,0.6071500695786901,0.6932861710241742,0.6810077429488061,0.7789264928526526,0.7370950783685946,0.746182507930671,0.7072746771172648,0.06074146112113718,0.08588100646938102
Scale_Industry,0.5617875612834189,0.6324652742651681,0.7007861332373796,0.8349119844357362,0.630651014344555,0.7150355657394624,0.6792729222176201,0.09415217307538126,0.13860728139729606
Liquidity,0.5356747290831774,0.5783576567415283,0.6653492345064783,0.6239968728592472,0.682171223414289,0.5932252881158578,0.6131291674534297,0.05516567829409636,0.08997399116277807
Growth_Momentum,0.3880114255591817,0.6346487597088779,0.6077624500233618,0.7110098796879587,0.6177095291808553,0.5901820407440612,0.5915540141507161,0.10817130206064378,0.18285955208324206
Leverage,0.5736677483743818,0.5712344525682806,0.5471111819570177,0.5848090923132543,0.5694543663682339,0.6395001177517965,0.5809628265554941,0.031201429918793665,0.05370641371976538
Profitability,0.37236756881441374,0.46166356452331375,0.4360003597672046,0.4808733163113369,0.5472383308575429,0.5181657631643984,0.4693848172397017,0.06190189353344188,0.13187877251221425
Working_Capital,0.2067454476641607,0.24562534543087805,0.27284631406860654,0.284216377734747,0.2942199784689743,0.27368657872672053,0.2628900070156812,0.03194481270744632,0.12151398628682311
Macro,0.0,0.056682898608309655,0.09044474467978071,0.03957300669897851,0.13278574273759772,0.035681496766235284,0.059194648248483646,0.046562667647616865,0.7866026579321659
