,pre_crisis,financial_crisis,sovereign_debt,recovery,covid,post_covid,mean,std,cv
Scale_Industry,0.6921879600301705,0.6185545542542957,0.7846637163357946,0.8587027464888327,0.7540242640733548,0.7662577391742702,0.745731830059453,0.08223041120379526,0.11026807209937585
Behavioral,0.5351455234279814,0.6881995172485151,0.5998040311414022,0.5970848340821944,0.5933331573769919,0.5514495343196255,0.5941694329327851,0.05327554036293379,0.08966388610731602
Liquidity,0.489387287404911,0.48260946642495905,0.5761301777505169,0.5897276587475913,0.6742711777170706,0.6718567393303863,0.5806637512292392,0.08381796310723817,0.1443485372210669
Leverage,0.5598122633298883,0.43725833393042873,0.5295242357171213,0.4723081127828371,0.5394236655217399,0.5330786122549078,0.5119008705894872,0.046799957874579204,0.09142386849369098
Profitability,0.3997301487571131,0.36200915195944555,0.4245763039590605,0.5721631337782266,0.4927188741230625,0.6115132280185354,0.47711847343257396,0.0993363964327346,0.20820069220558646
Growth_Momentum,0.15123187329428117,0.09453304279878848,0.1982976227960703,0.23489400909847535,0.24489506851053017,0.26835681981792336,0.19870140605267814,0.06542201940863837,0.32924789365252005
Working_Capital,0.14462859144062382,0.11405980417536761,0.15886782448867642,0.173815363995849,0.18300627558536825,0.21701666307686193,0.16523242046045783,0.03508517390212359,0.2123383159573088
Macro,0.0,0.07310579114740037,0.1178329396539453,0.023376197651641294,0.07621681627282097,0.04715217784962711,0.0562806537625725,0.04195894187059214,0.7455304632316742
