,pre_crisis,financial_crisis,sovereign_debt,recovery,covid,post_covid,mean,std,cv
Scale_Industry,0.4954258554231886,0.6294050914361845,0.6128922665975528,0.6501932525143382,0.6929622606095732,0.6669520377945233,0.6246384607292267,0.06923614523091287,0.11084195031808314
Behavioral,0.39877707372273263,0.5576889802316473,0.5223054704672488,0.5615150500540865,0.5560642718712874,0.48777108261795626,0.5140203214941599,0.06319662515074591,0.12294577180731935
Liquidity,0.3224861851648809,0.4396406081944681,0.4403165139922189,0.46842362465496706,0.5243805200339231,0.5136637461948966,0.45148519970589246,0.07262587589855603,0.16085992618554526
Leverage,0.3675056223078852,0.3116394920930489,0.33901752463359225,0.3339112885080605,0.3109218086389164,0.35043988104483625,0.3355726028710566,0.022071867115401954,0.06577374590941515
Profitability,0.3024370109842558,0.2859757700657455,0.2861651866239527,0.2909646577950262,0.30371466357309285,0.36256066639006945,0.3053029925720238,0.02910176228689409,0.09532092051154302
Growth_Momentum,0.12317237480508557,0.21046755248398785,0.2181272732420056,0.2674359521325249,0.3443308886636919,0.32699068829149297,0.2484207882697981,0.08219350733299102,0.33086404686762577
Working_Capital,0.12588837915751175,0.15706571313484505,0.1355502543986881,0.14009232398032678,0.12961725343473884,0.1593824194916403,0.1412660572662918,0.014028880018133226,0.09930821521894863
Macro,0.0,0.16849489090510492,0.13795541803561406,0.02739111083556887,0.06727973710756284,0.06444600257417382,0.07759452657633743,0.0643846030114782,0.8297570183399042
