,pre_crisis,financial_crisis,sovereign_debt,recovery,covid,post_covid,mean,std,cv
Scale_Industry,0.5538103010366207,0.5415087544682096,0.6282145815538922,0.6275260265518232,0.68109112210653,0.6015940870080299,0.6056241454541843,0.05195571954949159,0.0857887188604868
Behavioral,0.49885308171415155,0.6886203464982013,0.6574727526047193,0.5899595869820299,0.584085097108189,0.5337738854562291,0.5921274583939201,0.07177118222699655,0.12120900865105615
Liquidity,0.480019563720338,0.4994450467135889,0.5839677654254863,0.5660589361525974,0.6675010611601719,0.6094557453406758,0.5677413530854764,0.06973910618010186,0.1228360516652418
Profitability,0.46652219205548195,0.45617611155475835,0.5353576348571143,0.5214455176850764,0.5490077258702981,0.6228717675533911,0.5252301582626867,0.060714467033175096,0.11559592700084366
Leverage,0.5041190972892472,0.45425654242227653,0.5115354734833251,0.4333726928425005,0.5093368685420167,0.4597741685994531,0.4787324738631365,0.033684253589268215,0.07036133002938529
Growth_Momentum,0.07364769994345013,0.09031514571188512,0.13332359048589293,0.15834460652553672,0.21449547482841197,0.19363578501849252,0.14396038375227824,0.05582934151263314,0.3878104521359309
Working_Capital,0.0910949326741987,0.08289072485746976,0.11032285057068489,0.09136936718366684,0.12842864559606343,0.1270320398121514,0.10518976011570584,0.019648887974518053,0.18679468374968075
Macro,0.0,0.08108788566570115,0.11569599942713958,0.027057644127873447,0.09448766423293754,0.0370782922213258,0.05923458094582959,0.04459423854761352,0.7528412936422263
