Period,AUC,PR-AUC,Brier Score,ECE,Default Rate
pre_crisis,0.8997634390256707,0.14268022655185067,0.012225596883599161,0.005103126746128316,0.013236919950996504
financial_crisis,0.892262112381438,0.1573201759579687,0.01736154704130232,0.006401002516983936,0.019129906696847568
sovereign_debt,0.9046380561437122,0.17567926181467727,0.016335017692883452,0.004561543387561932,0.018295056442195406
recovery,0.8961748254770168,0.15775679730411415,0.014964088054066247,0.004364216945459011,0.01651343244653104
covid,0.904284515902157,0.1783763383906673,0.01521447653028183,0.005000255069006273,0.01703232085648242
post_covid,0.9057236167541486,0.11639151199217743,0.010064147413075885,0.005317336898461121,0.010662713971502343
