Period,AUC,PR-AUC,Brier Score,ECE,Default Rate
pre_crisis,0.9295092660985702,0.46698457923606895,0.011433295314500143,0.0028925635979426424,0.016769743101807802
financial_crisis,0.9455589429874568,0.5878099334159584,0.014055206062766029,0.00656395028124806,0.024042279361428297
sovereign_debt,0.9461935239064745,0.6265178184558564,0.011751415046930086,0.0035579873831015846,0.0217607422953717
recovery,0.9474448525246892,0.6212969997707508,0.010589705374435952,0.0039006398193921293,0.01998315844021246
covid,0.9524698118852012,0.6661185285285879,0.009655856610465816,0.003502162119835962,0.020015303451331
post_covid,0.9513887454972829,0.66506085544873,0.011870003926817425,0.004594759730963578,0.024276505280482787
