Period,AUC,PR-AUC,Brier Score,ECE,Default Rate
pre_crisis,0.898005089943479,0.15230250017132949,0.012151371026808484,0.00509941392474206,0.013236919950996504
financial_crisis,0.8903023261225496,0.1683977494018229,0.017263866406066794,0.006459493081109019,0.019129906696847568
sovereign_debt,0.9059737617692056,0.2004135201185664,0.016081817105168945,0.004223296822489787,0.018295056442195406
recovery,0.8954232297596559,0.16553979650652642,0.014917619325240465,0.004814570306854696,0.01651343244653104
covid,0.9049839986326639,0.1820844206545796,0.015216901525888444,0.00589344442621343,0.01703232085648242
post_covid,0.9070163952048648,0.13050947608599986,0.00999499029786844,0.005314627628521803,0.010662713971502343
