cluster,company_age,sni_group_3digit,ny_kapomsh,ny_skuldgrd,ny_solid,ny_avkegkap,ny_kasslikv,ny_nettomarg,ny_omsf,log_total_assets,working_capital_ta,retained_earnings_ta,interest_coverage,ratio_cash_liquidity,gross_margin,dividend_yield,dso_days,dpo_days,revenue_cagr_3y,revenue_drawdown_5y,ebitda_volatility,term_spread
0,0.07612407215934489,0.03060055536311701,0.02668855575037698,0.30949646345746973,0.14718948515945024,0.17815486399787517,0.044576037357822514,0.10184385739456624,0.035994509509100214,0.07092420110810566,0.004441425015210924,0.03990476458063622,0.12974816710172027,0.2904292555261996,0.018201988245288278,0.30003753710180797,0.01491464364965311,0.030851584092696366,0.05307663499364188,0.01987561291988989,0.019573518653898142,-0.004899263988656549
1,-0.05223607455086654,-0.012299110177992357,-0.030657308115034473,-0.18721916200722674,-0.08646632560767162,-0.08581080272816922,-0.021370340223867045,-0.06367277578270993,-0.002744470273550938,-0.039151790152365716,0.00748519599599602,-0.018231509922254006,-0.0820762761651321,-0.20349696228507602,-0.009096959477822875,-0.18282622778742608,-0.005574977248642978,-0.024025060516329366,-0.02921132484389341,-0.017963258649341354,-0.0062517426280417785,0.0005149823452231541
