cluster,company_age,sni_group_3digit,ser_laen,ny_kapomsh,ny_rs,ny_skuldgrd,ny_solid,ny_avkegkap,ny_kasslikv,ny_nettomarg,ny_omspanst,ny_foradlvpanst,ny_omsf,log_br07b_kabasu,log_br10_eksu,ratio_depreciation_cost,ratio_cash_interest_cov,ratio_cash_liquidity,ratio_retained_earnings_equity,dividend_yield,dso_days,dpo_days,ny_solid_yoy_diff,ratio_cash_liquidity_yoy_abs,inventory_days_yoy_diff,revenue_cagr_3y,profit_cagr_3y,revenue_drawdown_5y,term_spread
0,0.12205119766834827,0.12780318641810626,0.0004866661321526003,0.033806769757803445,0.11131924615153406,0.4753030871394811,0.1485019526442445,0.7579508851315359,0.07816199095280807,0.18373904535826285,0.02223680325348704,0.08815566719557172,0.029108661323237764,0.2395645234287995,0.09550025840516489,0.008571354063736705,0.08347692769332256,0.2709255469771143,0.09285133002672209,0.3994686064765427,0.012254785670238199,0.11747415276772846,-0.001938440950311253,0.017913891953893278,0.0007534643840305177,0.040206384295689075,0.048314207916906604,0.023300907188315807,0.007569169358852378
1,0.1621603976368754,0.16140393967740266,0.025350697122705112,0.09222318408962715,0.0024282757205304735,0.11137077167052951,0.024947611134719754,0.19780295578114324,-0.003790217447450003,0.04469701746217349,0.04827654761069773,0.08377302615374504,0.06615387499585756,0.14492305112795897,0.06370066436182342,0.051890353666894845,-0.0008936438677752804,0.07856711703708019,0.039061154129131775,0.3288061248819505,0.01314811606497437,0.0007596611631399092,0.02482437786658573,0.004152538748162115,0.0193502901091777,0.10559212522494084,0.033975960790219834,0.05085416206108576,0.03087639032768524
